county_name,state,total_fires,n_evac,mean_delay,pct_silent,pct_no_evac,svi_score,lat,lon,extreme_fires,risk_attr,gi_star,cluster
Ada County,Idaho,140,1,2.019619715833333,0.5142857142857142,0.9928571428571429,0.1931,43.546,-116.2425,1,0.09930857142857141,-0.19183968326029174,Not Significant
Adair County,Oklahoma,73,0,,0.6438356164383562,1.0,0.9472,35.742,-94.637667,0,0.609841095890411,0.3628615625910773,Not Significant
Adams County,Colorado,14,0,,0.5714285714285714,1.0,0.7264,39.799275,-104.816163,0,0.4150857142857143,-0.6136891193324344,Not Significant
Adams County,Idaho,156,1,52.76647025055555,0.8269230769230769,0.9935897435897436,0.2017,44.9339,-116.5404,0,0.1667903846153846,-0.2081233973667431,Not Significant
Adams County,Washington,37,0,,0.5675675675675675,1.0,0.98,46.876038,-119.31317,0,0.5562162162162162,0.3760030890830448,Not Significant
Aitkin County,Minnesota,45,0,,0.5111111111111111,1.0,0.2838,46.512733,-93.324289,0,0.1450533333333333,-0.6443862650783841,Not Significant
Alameda County,California,189,1,0.4526684783333333,0.7883597883597884,0.9947089947089947,0.5129,37.73922020551056,-122.13887214660646,0,0.40434973544973546,0.3493891351130135,Not Significant
Alamosa County,Colorado,13,0,,1.0,1.0,0.8253,37.56031248241128,-105.71017235873636,0,0.8253,0.2298550748686931,Not Significant
Albany County,Wyoming,83,2,0.39721841916666667,0.8313253012048193,0.9759036144578314,0.2533,41.29129,-105.564303,1,0.21057469879518076,-0.7799417170054299,Not Significant
Alpine County,California,157,0,,0.9872611464968153,1.0,0.4044,38.77472569326531,-120.29756784439088,0,0.3992484076433121,0.1777334726046441,Not Significant
Amador County,California,241,3,1.172607515,0.7925311203319502,0.9875518672199171,0.5647,38.17764469999999,-121.0187261,2,0.44754232365145225,0.4939873532420736,Not Significant
Anderson County,Texas,23,0,,0.2608695652173913,1.0,0.896,31.732817,-95.473883,0,0.23373913043478262,-0.027070614608704687,Not Significant
Angelina County,Texas,30,0,,0.5666666666666667,1.0,0.9917,31.3095,-95.020883,0,0.5619633333333334,0.19147070200495003,Not Significant
Anoka County,Minnesota,27,0,,0.8148148148148148,1.0,0.1807,45.30803648583009,-93.25075245408487,0,0.14723703703703703,-0.9558948698062851,Not Significant
Apache County,Arizona,212,1,4.792988517777778,0.6745283018867925,0.9952830188679245,0.965,35.68944444,-109.06444444,0,0.6509198113207547,0.8632549667788381,Not Significant
Aransas County,Texas,12,1,0.0026232708333333,0.4166666666666667,0.9166666666666666,0.7614,27.816521,-97.086549,0,0.31725,-0.6004554942374051,Not Significant
Arapahoe County,Colorado,36,0,,0.8611111111111112,1.0,0.4661,39.754296,-104.621775,0,0.4013638888888889,-0.5662076032457537,Not Significant
Archuleta County,Colorado,234,1,1.0066902147222223,0.8205128205128205,0.9957264957264957,0.3484,37.321967,-107.329033,3,0.28586666666666666,0.16172422827403893,Not Significant
Asotin County,Washington,43,1,21.06597632944445,0.627906976744186,0.9767441860465116,0.4283,46.1192,-117.2808,1,0.26893255813953487,-0.040943356289232076,Not Significant
Atoka County,Oklahoma,13,0,,0.38461538461538464,1.0,0.8556,34.4857,-96.0498,0,0.3290769230769231,0.08166774650955927,Not Significant
Baca County,Colorado,12,0,,0.8333333333333334,1.0,0.5472,37.315802,-103.155527,0,0.456,0.4108546620098136,Not Significant
Baker County,Oregon,186,5,15.064222087277779,0.7096774193548387,0.9731182795698925,0.4811,45.1541,-117.6811,1,0.34142580645161297,0.0352199020497728,Not Significant
Bannock County,Idaho,33,1,2.0229046716666668,0.42424242424242425,0.9696969696969697,0.4995,43.018621,-112.327082,0,0.2119090909090909,-0.6416895969646416,Not Significant
Bastrop County,Texas,18,1,1.5977100947222225,0.5555555555555556,0.9444444444444444,0.7566,30.1519,-97.295,0,0.4203333333333334,-0.20756690907758013,Not Significant
Bear Lake County,Idaho,17,0,,0.8235294117647058,1.0,0.2024,42.5086,-111.134,0,0.16668235294117645,-0.8559258091461763,Not Significant
Beaver County,Utah,93,0,,0.7849462365591398,1.0,0.1457,38.2659,-112.6347,0,0.11436666666666666,-0.3998710587852377,Not Significant
Beaverhead County,Montana,76,0,,0.7631578947368421,1.0,0.2043,45.3021,-112.966,0,0.15591315789473686,-0.5073309554815473,Not Significant
Becker County,Minnesota,39,0,,0.717948717948718,1.0,0.3808,46.6486,-96.0561,0,0.2733948717948718,-0.16443182835903558,Not Significant
Bee County,Texas,11,0,,0.18181818181818182,1.0,0.9166,28.2645,-97.651,0,0.16665454545454544,-0.351655475385569,Not Significant
Beltrami County,Minnesota,110,0,,0.8181818181818182,1.0,0.755,47.379394,-94.604321,0,0.6177272727272728,-0.5035766061024055,Not Significant
Benewah County,Idaho,126,2,11.104330655277778,0.7222222222222222,0.9841269841269842,0.6717,47.34,-116.6066,0,0.48511666666666664,-0.08293743473021942,Not Significant
Bennett County,South Dakota,14,0,,0.5,1.0,0.811,43.1,-101.575,0,0.4055,0.4779575344816107,Not Significant
Benson County,North Dakota,38,0,,0.6842105263157895,1.0,0.7426,47.965,-99.0825,0,0.5080947368421053,-0.2851799520676012,Not Significant
Benton County,Minnesota,11,0,,0.5454545454545454,1.0,0.3719,45.816648,-94.029922,0,0.20285454545454545,-0.7982646303336269,Not Significant
Benton County,Oregon,48,0,,0.875,1.0,0.5005,44.4061,-123.3126,0,0.4379375,0.7518421395070343,Not Significant
Benton County,Washington,161,0,,0.6273291925465838,1.0,0.6405,46.23097838168664,-119.1941585273135,0,0.4018043478260869,0.4172472510508491,Not Significant
Bernalillo County,New Mexico,61,0,,0.819672131147541,1.0,0.7929,35.07401,-106.38452,0,0.6499180327868853,0.42999765146912095,Not Significant
Big Horn County,Montana,228,0,,0.6008771929824561,1.0,0.7646,45.2213,-107.3848,0,0.45943070175438594,-1.0795786300377004,Cold Spot (90%)
Big Horn County,Wyoming,41,0,,0.7317073170731707,1.0,0.531,44.435464,-108.0594595,0,0.38853658536585367,-0.9555746132518471,Not Significant
Big Stone County,Minnesota,11,0,,0.9090909090909091,1.0,0.0881,45.304,-96.298194,0,0.08009090909090909,-0.22125008665324153,Not Significant
Billings County,North Dakota,12,0,,0.75,1.0,0.0095,46.967667,-103.41425,0,0.007124999999999999,-0.4744038986493992,Not Significant
Bingham County,Idaho,20,1,5.599053776388889,0.35,0.95,0.5469,43.127867,-112.467217,0,0.191415,-0.5687727943584415,Not Significant
Blaine County,Idaho,30,1,5.723156795277778,0.7333333333333333,0.9666666666666667,0.4025,43.32795,-114.359133,0,0.2951666666666667,-0.2286911197084932,Not Significant
Blaine County,Montana,60,0,,0.5833333333333334,1.0,0.9443,48.4655556,-108.6261111,0,0.5508416666666667,-0.961386043067129,Not Significant
Boise County,Idaho,251,4,303.408467403125,0.7848605577689243,0.9840637450199203,0.1075,44.0787,-115.5954,2,0.08437250996015935,-0.28073295554740346,Not Significant
Bonner County,Idaho,143,1,0.1159169286111111,0.8741258741258742,0.993006993006993,0.412,48.34275,-116.3227,1,0.36013986013986016,0.06976887652364451,Not Significant
Bonneville County,Idaho,14,0,,0.7142857142857143,1.0,0.4473,43.263667,-111.9685,0,0.3195,-0.7003854625371412,Not Significant
Boone County,Missouri,31,0,,0.7419354838709677,1.0,0.4244,39.083692,-92.4715387,0,0.3148774193548387,-0.35480502966464306,Not Significant
Boulder County,Colorado,99,1,0.30076691,0.8888888888888888,0.98989898989899,0.209,40.046417,-105.206883,0,0.18577777777777776,-0.7883116040877454,Not Significant
Boundary County,Idaho,134,1,2.4095737161111113,0.7761194029850746,0.9925373134328358,0.5037,48.57368,-116.038,1,0.39093134328358214,-0.005385520889453024,Not Significant
Bowie County,Texas,13,0,,0.3076923076923077,1.0,0.8766,33.457633,-94.1878,0,0.26972307692307695,-0.028329849190344085,Not Significant
Box Elder County,Utah,126,0,,0.8095238095238095,1.0,0.1215,41.468967,-112.17225,0,0.09835714285714285,-0.7760354506309871,Not Significant
Brazoria County,Texas,12,0,,0.3333333333333333,1.0,0.6519,28.894968,-95.516092,0,0.2173,0.2031008128023793,Not Significant
Broadwater County,Montana,29,0,,0.7586206896551724,1.0,0.0827,46.327033,-111.330283,0,0.06273793103448275,-0.9927072281097395,Not Significant
Broomfield County,Colorado,10,0,,1.0,1.0,0.0436,40.0,-105.066667,0,0.0436,-0.6009912154871876,Not Significant
Brown County,Texas,13,0,,0.15384615384615385,1.0,0.9135,31.90173,-99.151445,0,0.14053846153846156,-1.1104223902243733,Cold Spot (90%)
Buffalo County,South Dakota,24,0,,0.875,1.0,0.9892,43.973889,-99.266944,0,0.8655499999999999,-0.28515545992895225,Not Significant
Burnet County,Texas,18,0,,0.8333333333333334,1.0,0.5819,30.648944,-98.228241,0,0.48491666666666666,-0.9822008496357616,Not Significant
Butte County,California,453,3,1.4212727407407408,0.8278145695364238,0.9933774834437086,0.8225,39.49508181187462,-121.5305584113142,1,0.6808774834437086,0.7493799786542088,Not Significant
Butte County,Idaho,21,0,,0.7619047619047619,1.0,0.7009,43.589167,-113.116944,0,0.5340190476190476,-0.5044236785625048,Not Significant
Cache County,Utah,34,0,,0.8529411764705882,1.0,0.3478,41.82945,-111.6042,1,0.29665294117647056,-0.9444728532142946,Not Significant
Caddo County,Oklahoma,31,0,,0.5483870967741935,1.0,0.8705,35.185725,-98.259381,0,0.4773709677419355,0.03658233268053094,Not Significant
Calaveras County,California,202,2,3.1342462122222225,0.6633663366336634,0.9900990099009901,0.3357,37.936758,-120.604704,2,0.2226920792079208,0.5831953135041782,Not Significant
Caldwell County,Texas,11,0,,0.09090909090909091,1.0,0.8956,29.718715,-97.727643,0,0.08141818181818182,0.06807480573005947,Not Significant
Callahan County,Texas,14,0,,0.0,1.0,0.2956,32.296317,-99.1652,0,0.0,-0.8276578878998632,Not Significant
Camas County,Idaho,73,1,252.0317080461111,0.7397260273972602,0.9863013698630136,0.3271,43.45563,-114.8026,2,0.24196438356164382,-0.20810051402400814,Not Significant
Cameron County,Texas,11,0,,0.5454545454545454,1.0,0.9844,26.089975,-97.353215,0,0.5369454545454545,-0.9225837420175871,Not Significant
Campbell County,Wyoming,127,2,1.7643552288888888,0.3779527559055118,0.984251968503937,0.2367,44.352224,-105.195272,0,0.08946141732283464,-0.8285829948007637,Not Significant
Canyon County,Idaho,23,0,,0.9130434782608695,1.0,0.6217,43.5908,-116.7252,0,0.5676391304347826,-0.41364659563480083,Not Significant
Carbon County,Montana,60,0,,0.6333333333333333,1.0,0.1241,45.4947943,-108.8727907,0,0.07859666666666666,-1.130821344391161,Cold Spot (90%)
Carbon County,Utah,95,0,,0.8210526315789474,1.0,0.6297,39.35265,-110.0422,0,0.5170168421052632,-0.1980892288170404,Not Significant
Carbon County,Wyoming,92,0,,0.6630434782608695,1.0,0.5377,41.15445,-107.469333,0,0.3565184782608695,-0.14734087279394245,Not Significant
Caribou County,Idaho,22,0,,0.6363636363636364,1.0,0.1231,42.605867,-112.075167,0,0.07833636363636363,-0.6955220961574152,Not Significant
Carlton County,Minnesota,24,0,,0.7083333333333334,1.0,0.3678,46.5878164,-92.4062393,0,0.260525,-0.8321013125934447,Not Significant
Carson City,Nevada,154,2,0.6705110311111111,0.9545454545454546,0.987012987012987,0.8508,39.1717154,-120.154417,4,0.8121272727272728,0.1965685901498499,Not Significant
Carter County,Montana,38,0,,0.3684210526315789,1.0,0.4069,45.8171,-104.4088,0,0.14991052631578947,-0.8960052668797414,Not Significant
Carter County,Oklahoma,35,0,,0.5428571428571428,1.0,0.7751,34.085738,-97.130487,0,0.4207685714285714,0.09199834300727285,Not Significant
Cascade County,Montana,24,0,,0.375,1.0,0.4435,47.418417,-111.4653,0,0.1663125,-0.7317734558544214,Not Significant
Cass County,Minnesota,40,0,,0.75,1.0,0.3465,47.209001,-94.168342,0,0.25987499999999997,-0.33037701905620676,Not Significant
Cass County,Texas,33,0,,0.09090909090909091,1.0,0.8619,32.884467,-94.22225,0,0.07835454545454545,-0.36212340247217545,Not Significant
Cassia County,Idaho,110,0,,0.7,1.0,0.56,42.25195,-113.6842,0,0.392,-0.44951797661330656,Not Significant
Catron County,New Mexico,389,4,8.169699557569444,0.7249357326478149,0.9897172236503856,0.4483,33.606783,-108.685,9,0.3249886889460154,0.7588260644048516,Not Significant
Chaffee County,Colorado,118,1,5.153968725277778,0.9322033898305084,0.9915254237288136,0.6096,38.3691,-106.469,0,0.568271186440678,-0.10540354331682644,Not Significant
Chambers County,Texas,14,0,,0.5714285714285714,1.0,0.4798,29.9116,-94.7909,0,0.27417142857142857,0.24853628311411383,Not Significant
Chaves County,New Mexico,68,0,,0.5588235294117647,1.0,0.9701,33.581867,-104.207462,0,0.5421147058823529,0.015413618451681656,Not Significant
Chelan County,Washington,246,6,118.40809419245369,0.7886178861788617,0.975609756097561,0.7999,47.504262,-120.6342643,4,0.6308154471544716,0.277305083005972,Not Significant
Cherokee County,Oklahoma,13,0,,0.38461538461538464,1.0,0.9236,36.091667,-95.010278,0,0.35523076923076924,0.4114712871421191,Not Significant
Cherokee County,Texas,32,0,,0.21875,1.0,0.9717,31.90941,-95.33069,0,0.212559375,-0.08886983970460997,Not Significant
Chisago County,Minnesota,35,0,,0.6857142857142857,1.0,0.0426,45.324863,-92.788506,0,0.029211428571428572,-0.8577587632810577,Not Significant
Churchill County,Nevada,23,0,,0.782608695652174,1.0,0.6271,39.9664,-118.7175,0,0.4907739130434783,-0.02444904716403036,Not Significant
Cibola County,New Mexico,98,0,,0.7040816326530612,1.0,0.9663,34.8812,-108.0702,2,0.6803540816326531,0.6479583832861592,Not Significant
Clackamas County,Oregon,100,2,24.194447107916666,0.8,0.98,0.3023,45.282306,-122.503278,0,0.24184000000000003,0.4696823859252978,Not Significant
Clallam County,Washington,97,0,,0.7010309278350515,1.0,0.5861,48.07635,-124.2122,0,0.41087422680412367,0.12120378055135057,Not Significant
Clark County,Idaho,17,0,,0.5882352941176471,1.0,0.5412,44.012517,-112.23405,0,0.3183529411764706,-0.7905626733723988,Not Significant
Clark County,Nevada,328,0,,0.8841463414634146,1.0,0.8635,35.8445,-114.5785,0,0.7634603658536586,0.7516026625485318,Not Significant
Clark County,Washington,143,0,,0.8461538461538461,1.0,0.4257,45.65367,-122.3834,0,0.36020769230769234,0.3890575036724722,Not Significant
Clatsop County,Oregon,21,0,,1.0,1.0,0.5813,45.876945,-123.927414,0,0.5813,0.48525767171940704,Not Significant
Clear Creek County,Colorado,36,1,0.0041450866666666,0.9444444444444444,0.9722222222222222,0.1394,39.529867,-105.507283,0,0.13165555555555555,-0.6505859752349248,Not Significant
Clearwater County,Idaho,153,0,,0.7581699346405228,1.0,0.5912,46.51946,-115.7786,1,0.44823006535947707,-0.006811891975682988,Not Significant
Clearwater County,Minnesota,25,0,,0.68,1.0,0.7779,47.95833,-95.27433,0,0.5289720000000001,-0.4313807075905393,Not Significant
Cochise County,Arizona,283,1,0.9456818283333333,0.6254416961130742,0.9964664310954063,0.9325,31.334133,-110.151967,0,0.5832243816254417,0.7879698307318866,Not Significant
Coconino County,Arizona,867,1,168.75193614361112,0.8685121107266436,0.9988465974625144,0.8031,36.0611111,-112.1188889,17,0.6975020761245675,-0.1928965245526296,Not Significant
Codington County,South Dakota,12,0,,1.0,1.0,0.2415,44.912148,-97.413163,0,0.2415,-0.08318801025631414,Not Significant
Coffey County,Kansas,11,0,,0.9090909090909091,1.0,0.2743,38.324604,-95.923024,0,0.24936363636363634,0.013556187959716616,Not Significant
Colfax County,New Mexico,35,0,,0.42857142857142855,1.0,0.7989,36.581833,-104.589667,1,0.3423857142857143,0.8072510183293399,Not Significant
Columbia County,Oregon,50,0,,0.74,1.0,0.2453,45.899,-122.7973,0,0.181522,0.4196034941859435,Not Significant
Columbia County,Washington,73,0,,0.6986301369863014,1.0,0.3576,46.229383,-117.723633,0,0.24983013698630135,-0.22599769282359097,Not Significant
Colusa County,California,74,0,,0.8513513513513513,1.0,0.84,38.804996778653766,-122.186053613985,0,0.715135135135135,0.6377510248811421,Not Significant
Comanche County,Oklahoma,33,1,1.3522056752777778,0.7575757575757576,0.9696969696969697,0.9211,34.745617,-98.550633,0,0.6978030303030304,-0.20076113487295094,Not Significant
Conejos County,Colorado,27,0,,0.8518518518518519,1.0,0.8377,36.874778,-106.513722,0,0.7135962962962963,0.35785989113253497,Not Significant
Contra Costa County,California,399,1,0.6914991227777778,0.6967418546365914,0.9974937343358397,0.4785,37.9811029,-121.7746838,0,0.333390977443609,0.5785851025625351,Not Significant
Converse County,Wyoming,67,0,,0.5223880597014925,1.0,0.2781,42.882182,-105.275008,0,0.14527611940298507,-0.7644314582614485,Not Significant
Cook County,Minnesota,19,0,,1.0,1.0,0.084,47.579867,-90.841703,0,0.084,-0.9967344981169127,Not Significant
Coos County,Oregon,150,0,,0.9133333333333333,1.0,0.7661,43.5778,-124.1861,0,0.6997046666666666,0.9222737055484266,Not Significant
Corson County,South Dakota,11,0,,0.6363636363636364,1.0,0.7324,45.756122,-101.038686,0,0.4660727272727273,0.6016408002884231,Not Significant
Costilla County,Colorado,22,0,,0.9090909090909091,1.0,0.8727,37.6608,-105.330667,0,0.7933636363636364,0.2664245334492349,Not Significant
Cowlitz County,Washington,111,0,,0.7747747747747747,1.0,0.7124,46.16102,-122.8148,0,0.5519495495495496,0.15503299422302858,Not Significant
Creek County,Oklahoma,13,1,0.0034979355555555,0.38461538461538464,0.9230769230769231,0.5205,35.927028,-96.500806,0,0.2001923076923077,0.030048886684291405,Not Significant
Crook County,Oregon,210,10,6.1020642426944445,0.7904761904761904,0.9523809523809523,0.356,44.4263,-121.0173,1,0.2814095238095238,0.6370248354890061,Not Significant
Crook County,Wyoming,74,1,0.9241107588888888,0.7162162162162162,0.9864864864864865,0.0722,44.305,-104.4846,0,0.05171081081081081,-0.6859858673659215,Not Significant
Crow Wing County,Minnesota,54,0,,0.7962962962962963,1.0,0.2087,46.4561933,-93.9158279,0,0.16618703703703702,-0.6305079601856904,Not Significant
Curry County,Oregon,54,0,,0.8148148148148148,1.0,0.6067,42.4764,-124.2731,2,0.49434814814814815,1.3337055982973174,Hot Spot (90%)
Custer County,Colorado,24,1,51.57399457611111,0.75,0.9583333333333334,0.1012,38.11525,-105.065444,1,0.0759,0.22780795784487876,Not Significant
Custer County,Idaho,61,1,51.47245054055555,0.7540983606557377,0.9836065573770492,0.3713,44.5492,-113.8523,1,0.2799967213114754,-0.39225191099353035,Not Significant
Custer County,Montana,78,0,,0.5,1.0,0.3589,46.4063,-105.669,0,0.17945,-1.0847903823776917,Cold Spot (90%)
Custer County,South Dakota,65,1,1.0637305394444443,0.8461538461538461,0.9846153846153847,0.2937,43.95817263340703,-103.4953044299178,0,0.24851538461538464,-0.3380532563277218,Not Significant
Daggett County,Utah,41,0,,0.7804878048780488,1.0,0.1849,40.7979,-108.9242,1,0.14431219512195123,0.14529405666476064,Not Significant
Daniels County,Montana,10,0,,0.2,1.0,0.1228,48.429028,-105.6455,0,0.024560000000000002,-1.0372492132028086,Cold Spot (90%)
Davis County,Utah,16,1,0.0303888041666666,0.75,0.9375,0.0678,41.074667,-111.891833,0,0.05085,-0.8374439011214041,Not Significant
Dawes County,Nebraska,29,0,,0.5517241379310345,1.0,0.3156,42.683155,-102.984481,0,0.17412413793103448,-0.03811708732330794,Not Significant
Dawson County,Montana,20,0,,0.2,1.0,0.0764,47.16194,-104.7059,0,0.01528,-0.9661824556200357,Not Significant
De Baca County,New Mexico,16,0,,0.5,1.0,0.5043,34.44517,-104.4957,0,0.25215,0.48215074697528015,Not Significant
Deer Lodge County,Montana,62,0,,0.7741935483870968,1.0,0.6417,46.1906,-113.1422,0,0.4968,-0.6621681478425573,Not Significant
Del Norte County,California,107,1,0.6557021041666666,0.8037383177570093,0.9906542056074766,0.9004,41.3481620473475,-123.86265476873402,1,0.7236859813084112,1.3675500910899818,Hot Spot (90%)
Delaware County,Oklahoma,41,0,,0.5609756097560976,1.0,0.7878,36.315278,-94.761389,0,0.4419365853658537,0.3988109978115463,Not Significant
Delta County,Colorado,49,2,43.55545046666667,0.7755102040816326,0.9591836734693877,0.581,39.13131,-107.912929,1,0.4505714285714285,-0.18152412907309107,Not Significant
Dent County,Missouri,18,0,,0.6111111111111112,1.0,0.6551,37.631,-91.293,0,0.4003388888888889,-0.4263843287042752,Not Significant
Deschutes County,Oregon,879,12,16.335283431990742,0.8475540386803185,0.9863481228668942,0.2634,44.29052,-121.5796,4,0.22324573378839593,0.5555381186939427,Not Significant
Dolores County,Colorado,166,1,0.3009710586111111,0.9156626506024096,0.9939759036144579,0.1858,37.7789,-108.7915,4,0.1701301204819277,0.22168566080656701,Not Significant
Douglas County,Colorado,71,1,1.6888334983333335,0.8591549295774648,0.9859154929577465,0.022,39.3305,-105.08775,0,0.018901408450704222,-0.5289146072296074,Not Significant
Douglas County,Missouri,18,0,,0.5555555555555556,1.0,0.5969,36.794717,-92.686917,0,0.33161111111111113,0.18593336314485295,Not Significant
Douglas County,Nevada,90,2,1.466040560277778,0.8888888888888888,0.9777777777777777,0.2059,38.96522615114759,-120.09491478711442,1,0.18302222222222223,0.536992073907004,Not Significant
Douglas County,Oregon,342,4,0.7589429814583333,0.8362573099415205,0.9883040935672515,0.6487,42.9238,-122.9498,6,0.5424801169590644,1.1055120047245262,Hot Spot (90%)
Douglas County,Washington,97,2,1.339176783888889,0.6391752577319587,0.979381443298969,0.8116,47.71438897951052,-119.81270226580276,3,0.5187546391752577,0.42985995846877445,Not Significant
Duchesne County,Utah,166,0,,0.7771084337349398,1.0,0.5361,40.2803,-109.9825,0,0.4166078313253012,-0.3915351492357414,Not Significant
Eagle County,Colorado,118,2,32.312107580277775,0.9152542372881356,0.9830508474576272,0.3497,39.6777,-106.3992,1,0.320064406779661,-0.6872807655206946,Not Significant
Eddy County,New Mexico,95,0,,0.6,1.0,0.6382,32.441622,-104.487368,0,0.38292,0.38230810647817415,Not Significant
El Dorado County,California,335,6,1.228299772175926,0.8597014925373134,0.982089552238806,0.1896,38.7850632,-120.4199189,0,0.16299940298507462,0.41178728959238925,Not Significant
El Paso County,Colorado,70,2,0.4897248202777778,0.7857142857142857,0.9714285714285714,0.4604,39.08975,-104.8964,0,0.36174285714285714,-0.47746697158768225,Not Significant
Elbert County,Colorado,43,2,0.45063548694444444,0.6976744186046512,0.9534883720930233,0.0006,39.715574,-104.222141,0,0.00041860465116279067,-0.31630782768156945,Not Significant
Elko County,Nevada,280,0,,0.775,1.0,0.6185,40.695222,-115.474639,0,0.4793375,-0.06437426950378988,Not Significant
Elmore County,Idaho,161,0,,0.4409937888198758,1.0,0.8155,41.95179458,-116.15999772,0,0.3596304347826087,-0.1288681321146927,Not Significant
Emery County,Utah,42,0,,0.8571428571428571,1.0,0.2269,38.9026,-111.2717,0,0.19448571428571426,-0.3676777072356696,Not Significant
Eureka County,Nevada,70,0,,0.8857142857142857,1.0,0.4254,39.53304,-117.0256,0,0.37678285714285714,0.039857420668744765,Not Significant
Fall River County,South Dakota,24,1,2.425627126111111,0.5833333333333334,0.9583333333333334,0.6277,43.32355,-104.069667,0,0.36615833333333336,-0.7282615096679111,Not Significant
Fannin County,Texas,12,0,,0.3333333333333333,1.0,0.643,33.787899,-95.900726,0,0.21433333333333332,-0.030938607701547983,Not Significant
Fergus County,Montana,39,0,,0.6410256410256411,1.0,0.3837,47.44789,-109.56663,0,0.24596153846153848,-1.0905042787661106,Cold Spot (90%)
Ferry County,Washington,308,4,48.79952182173611,0.7727272727272727,0.987012987012987,0.7159,48.64600335617797,-118.5213233111258,2,0.5531954545454545,0.14832621302326024,Not Significant
Flathead County,Montana,277,0,,0.8158844765342961,1.0,0.2094,48.3137,-114.4256,1,0.1708462093862816,0.19583750859080148,Not Significant
Franklin County,Arkansas,10,0,,0.9,1.0,0.6198,35.616826,-93.83177,0,0.55782,0.6734488871604186,Not Significant
Franklin County,Idaho,14,0,,0.6428571428571429,1.0,0.1101,41.9249,-111.85915,0,0.07077857142857144,-0.805584622180462,Not Significant
Franklin County,Washington,132,0,,0.6287878787878788,1.0,0.9147,46.1715,-118.9588,0,0.5751522727272727,0.3742867681217407,Not Significant
Fremont County,Colorado,36,0,,0.8888888888888888,1.0,0.6688,38.5065,-105.0326,0,0.5944888888888888,-0.28542466895461427,Not Significant
Fremont County,Idaho,33,2,13.662205315555555,0.7878787878787878,0.9393939393939394,0.5504,44.68334,-111.5496,1,0.43364848484848484,-0.8300191077447626,Not Significant
Fremont County,Wyoming,196,0,,0.7295918367346939,1.0,0.7642,43.1004,-108.3833,0,0.5575540816326531,-0.7603637246160705,Not Significant
Fresno County,California,299,6,6.473166834027778,0.6923076923076923,0.979933110367893,0.9618,37.056012901920006,-119.42126655500036,0,0.6658615384615384,0.8033844782790321,Not Significant
Gallatin County,Montana,60,0,,0.9,1.0,0.0783,45.53093,-111.135,0,0.07046999999999999,-0.9390416808718041,Not Significant
Garfield County,Colorado,151,5,6.228941450722222,0.7748344370860927,0.9668874172185431,0.6058,39.595117,-107.578533,0,0.4693947019867549,-0.3986988708188188,Not Significant
Garfield County,Montana,41,0,,0.21951219512195122,1.0,0.0652,47.00394,-106.544,0,0.014312195121951218,-1.0470428860614784,Cold Spot (90%)
Garfield County,Utah,71,0,,0.8169014084507042,1.0,0.3423,37.674167,-112.196944,2,0.2796253521126761,-0.4184284244686843,Not Significant
Garfield County,Washington,40,1,0.5377389875,0.575,0.975,0.2456,46.342667,-117.68045,0,0.14121999999999998,-0.06282393578610493,Not Significant
Garvin County,Oklahoma,33,0,,0.48484848484848486,1.0,0.546,34.635,-97.2475,0,0.26472727272727276,0.029229393046800358,Not Significant
Gem County,Idaho,38,2,13.624157956805558,0.34210526315789475,0.9473684210526316,0.6153,43.8396,-116.6142,1,0.21049736842105263,-0.12243565576318466,Not Significant
Gila County,Arizona,929,5,140.79433519366668,0.6846071044133477,0.9946178686759957,0.847,34.09579,-110.7393,12,0.5798622174381055,0.7925614390446658,Not Significant
Gilliam County,Oregon,16,3,0.05488112796296294,0.25,0.8125,0.5282,45.5722,-120.3936,0,0.13205,0.36653365278287553,Not Significant
Gilpin County,Colorado,68,2,0.39733973749999996,0.9558823529411765,0.9705882352941176,0.0967,39.9818343072007,-105.7116131033431,0,0.09243382352941176,-0.6575754724566305,Not Significant
Glacier County,Montana,143,0,,0.9020979020979021,1.0,0.9752,48.8030556,-112.8494444,0,0.8797258741258741,-0.2693046646991735,Not Significant
Glenn County,California,131,1,1.8082684602777777,0.8702290076335878,0.9923664122137404,0.8622,39.849034921940174,-122.20065061919016,0,0.7503114503816793,0.990717517021379,Not Significant
Golden Valley County,Montana,11,0,,0.45454545454545453,1.0,0.1451,46.1184,-108.906,0,0.06595454545454546,-1.175116160179739,Cold Spot (90%)
Gooding County,Idaho,61,0,,0.4426229508196721,1.0,0.8059,42.55642,-115.2786,0,0.3567098360655737,-0.15142229845663796,Not Significant
Graham County,Arizona,442,0,,0.6719457013574661,1.0,0.8486,33.078056,-109.88,2,0.5702131221719458,0.6084214683181955,Not Significant
Grand County,Colorado,55,0,,0.9636363636363636,1.0,0.1565,40.154367,-106.417883,0,0.15080909090909092,-0.6655546411074147,Not Significant
Grand County,Utah,171,1,23.312881728611114,0.8654970760233918,0.9941520467836258,0.4582,38.7,-109.666667,2,0.39657076023391813,0.11443444135623498,Not Significant
Granite County,Montana,136,0,,0.7720588235294118,1.0,0.2246,46.91689,-113.4345,0,0.1734044117647059,-0.3409898505764851,Not Significant
Grant County,New Mexico,213,1,29.228748383055557,0.6995305164319249,0.9953051643192489,0.7404,32.9125,-108.225833,3,0.5179323943661971,0.5458158587624223,Not Significant
Grant County,Oregon,280,9,91.16604302132716,0.7678571428571429,0.9678571428571429,0.5784,44.3906,-119.0427,2,0.4441285714285715,0.2520901859121118,Not Significant
Grant County,Washington,127,3,0.21957941212962961,0.48031496062992124,0.9763779527559056,0.931,46.9126696,-119.3237559,0,0.4471732283464567,0.6990986851145496,Not Significant
Grays Harbor County,Washington,106,0,,0.7735849056603774,1.0,0.8215,47.1054,-123.4481,0,0.6355000000000001,0.16877218038357122,Not Significant
Greenlee County,Arizona,212,0,,0.6556603773584906,1.0,0.3598,33.5482,-109.387383,2,0.2359066037735849,0.9409617506172522,Not Significant
Gregg County,Texas,12,0,,0.3333333333333333,1.0,0.8731,32.469709,-94.748238,0,0.2910333333333333,-0.32574042123590186,Not Significant
Grimes County,Texas,16,0,,0.5,1.0,0.8676,30.5775,-95.856667,0,0.4338,0.455533963616642,Not Significant
Guadalupe County,New Mexico,12,0,,0.3333333333333333,1.0,0.8791,34.158806,-105.156722,0,0.2930333333333333,0.5969567568026981,Not Significant
Gunnison County,Colorado,31,0,,0.7741935483870968,1.0,0.1222,38.534217,-107.157783,1,0.09460645161290322,-0.3774866757303735,Not Significant
Harney County,Oregon,175,3,30.358794149629635,0.6285714285714286,0.9828571428571429,0.8034,43.6066,-119.2265,0,0.5049942857142857,0.30191801029930676,Not Significant
Harrison County,Texas,20,0,,0.1,1.0,0.9036,32.6557,-94.1101,0,0.09036,-0.3350191290743261,Not Significant
Haskell County,Oklahoma,13,0,,0.3076923076923077,1.0,0.8387,35.183333,-95.35,0,0.25806153846153845,0.28536257915007884,Not Significant
Hawaii County,Hawaii,40,0,,0.75,1.0,0.636,19.8093,-155.841898,0,0.477,-0.6153443171364549,Not Significant
Hidalgo County,New Mexico,84,0,,0.5595238095238095,1.0,0.9179,31.453333,-109.042167,0,0.5135869047619048,0.6007076978953331,Not Significant
Hidalgo County,Texas,12,0,,0.08333333333333333,1.0,0.9841,26.5122,-98.13111,0,0.08200833333333332,0.14262355104752086,Not Significant
Hill County,Montana,33,0,,0.7575757575757576,1.0,0.4419,48.26440084,-109.75121032,0,0.3347727272727273,-0.8905967927170454,Not Significant
Hinsdale County,Colorado,11,0,,0.9090909090909091,1.0,0.0869,38.312967,-107.1033,0,0.079,-0.2707280150323483,Not Significant
Honolulu County,Hawaii,19,2,1.353448335972222,0.42105263157894735,0.8947368421052632,0.5708,21.4010738,-158.1740738,0,0.24033684210526313,-0.6153443171364549,Not Significant
Hood River County,Oregon,251,4,6.400652997569444,0.852589641434263,0.9840637450199203,0.7111,46.0053,-121.4901,4,0.6062764940239044,0.2170152628726355,Not Significant
Hot Springs County,Wyoming,31,1,69.81238505944445,0.4838709677419355,0.967741935483871,0.1938,43.6485,-107.999667,0,0.0937741935483871,-0.5489594420707213,Not Significant
Houston County,Texas,34,0,,0.6176470588235294,1.0,0.9625,31.4828,-95.165967,0,0.5944852941176471,0.0496554991618927,Not Significant
Howell County,Missouri,12,0,,0.16666666666666666,1.0,0.7693,36.91475,-92.185,0,0.12821666666666665,0.12295204178977609,Not Significant
Hubbard County,Minnesota,22,0,,0.6818181818181818,1.0,0.2809,46.936379,-94.934583,0,0.19152272727272723,-0.22281590930458697,Not Significant
Hughes County,Oklahoma,27,0,,0.5925925925925926,1.0,0.7945,35.246389,-96.273056,0,0.4708148148148148,0.12128340204663719,Not Significant
Hughes County,South Dakota,10,0,,0.7,1.0,0.3013,44.394,-100.2588,0,0.21091,0.015495366349679013,Not Significant
Humboldt County,California,230,2,11.88020824972222,0.8739130434782608,0.991304347826087,0.8269,40.80027793963741,-124.20218906159757,0,0.7226386956521739,1.426927163792795,Hot Spot (90%)
Humboldt County,Nevada,169,1,15.7231446375,0.5266272189349113,0.9940828402366864,0.616,41.029903,-117.762379,0,0.32440236686390533,0.054573586031139945,Not Significant
Hutchinson County,Texas,37,1,0.7840798222222222,0.6756756756756757,0.972972972972973,0.3245,35.848431,-101.432992,0,0.21925675675675677,-0.01851552554953461,Not Significant
Idaho County,Idaho,316,0,,0.7911392405063291,1.0,0.5199,45.47803,-116.3753,0,0.41131329113924053,-0.23149564175498258,Not Significant
Imperial County,California,56,3,0.7500683785185185,0.6428571428571429,0.9464285714285714,0.9936,33.58170780578763,-116.09905242919923,0,0.6387428571428572,0.8108910941824943,Not Significant
Inyo County,California,86,4,1.261587637986111,0.7441860465116279,0.9534883720930233,0.6147,37.3535109,-118.4401255,1,0.4574511627906977,0.7338036056021797,Not Significant
Iron County,Utah,218,1,11.2077743425,0.8073394495412844,0.9954128440366973,0.4114,37.39605,-113.228261,0,0.33213944954128444,-0.22057161757032587,Not Significant
Isanti County,Minnesota,43,0,,0.7674418604651163,1.0,0.0913,45.499068,-93.440057,0,0.07006744186046512,-0.8741517536277384,Not Significant
Island County,Washington,79,0,,0.9113924050632911,1.0,0.3032,48.40657,-122.5534,0,0.2763341772151899,0.005652147599773692,Not Significant
Itasca County,Minnesota,54,0,,0.7592592592592593,1.0,0.4012,47.40151,-93.811237,0,0.30461481481481484,-0.44603534603091216,Not Significant
Jackson County,Colorado,50,0,,0.94,1.0,0.3751,40.7077,-105.711617,0,0.35259399999999996,-0.7722745676659145,Not Significant
Jackson County,Oregon,597,4,28.939666785208335,0.8676716917922948,0.9932998324958124,0.7025,41.93783825296042,-122.95358469716489,1,0.6095393634840871,1.4210828188824043,Hot Spot (90%)
Jasper County,Texas,23,0,,0.30434782608695654,1.0,0.8737,31.041533,-93.97745,0,0.26590869565217395,0.0907730714401795,Not Significant
Jefferson County,Colorado,63,3,0.6536256968518519,0.8412698412698413,0.9523809523809523,0.0948,39.459365,-105.178158,1,0.07975238095238095,-0.6652913504910851,Not Significant
Jefferson County,Idaho,15,0,,0.6,1.0,0.1212,43.860763,-112.202951,0,0.07271999999999999,-0.4426326164502018,Not Significant
Jefferson County,Montana,61,0,,0.7540983606557377,1.0,0.1158,46.44095,-111.924183,0,0.08732459016393442,-0.778221029028849,Not Significant
Jefferson County,Oklahoma,18,0,,0.2777777777777778,1.0,0.8056,34.243064,-97.747269,0,0.22377777777777777,-0.021136517089130988,Not Significant
Jefferson County,Oregon,243,12,7.157042584351852,0.7530864197530864,0.9506172839506173,0.9278,44.3638,-121.1975,4,0.6987135802469135,0.07564798547431516,Not Significant
Jefferson County,Washington,44,0,,0.8409090909090909,1.0,0.3643,48.03099,-123.0816,0,0.3063431818181818,-0.03686599584299958,Not Significant
Johnson County,Arkansas,11,0,,0.9090909090909091,1.0,0.895,35.760152,-93.531105,0,0.8136363636363636,0.5050991885349556,Not Significant
Johnson County,Wyoming,139,1,1.5195465944444444,0.6474820143884892,0.9928057553956835,0.1709,43.70786,-106.5527,1,0.11065467625899279,-0.6795938981629803,Not Significant
Johnston County,Oklahoma,15,0,,0.6,1.0,0.875,34.350178,-96.713994,0,0.525,0.03670138016622191,Not Significant
Josephine County,Oregon,385,0,,0.9090909090909091,1.0,0.7817,41.85128060033401,-123.26214484602431,1,0.7106363636363636,1.2962608180128672,Hot Spot (90%)
Juab County,Utah,103,1,3.044475966111111,0.7087378640776699,0.9902912621359223,0.0659,39.7594,-112.28763,0,0.04670582524271845,-0.6962171738790449,Not Significant
Judith Basin County,Montana,33,0,,0.6666666666666666,1.0,0.049,47.235833,-110.400833,1,0.03266666666666666,-1.0762423204821643,Cold Spot (90%)
Kanabec County,Minnesota,30,0,,0.6333333333333333,1.0,0.2612,45.708817,-93.384175,0,0.16542666666666664,-0.846105932657271,Not Significant
Kane County,Utah,274,1,20.37645659111111,0.8467153284671532,0.9963503649635036,0.259,37.34175,-112.614467,1,0.21929927007299269,-0.1941318593928297,Not Significant
Kay County,Oklahoma,16,0,,0.75,1.0,0.8549,36.730833,-96.720278,0,0.641175,-0.25026269198434864,Not Significant
Kern County,California,974,8,7.464782470520833,0.7299794661190965,0.9917864476386037,0.9685,35.26471078880824,-118.6556911468506,1,0.7069851129363449,0.8588446693932269,Not Significant
King County,Washington,101,0,,0.8514851485148515,1.0,0.3761,47.2747,-121.7882,0,0.32024356435643564,0.11865349761009125,Not Significant
Kings County,California,179,2,11.053005211944445,0.7094972067039106,0.9888268156424581,0.9507,35.68222716045941,-119.58395004272462,0,0.6745189944134078,0.9727369159413399,Not Significant
Kitsap County,Washington,63,1,0.2453107686111111,0.746031746031746,0.9841269841269842,0.3334,47.544,-122.8989,1,0.2487269841269841,0.18212693926720308,Not Significant
Kittitas County,Washington,384,5,1.5318765733888888,0.7760416666666666,0.9869791666666666,0.3366,46.9899698,-121.0971197,1,0.261215625,0.2684979614302013,Not Significant
Kittson County,Minnesota,14,0,,0.35714285714285715,1.0,0.0958,48.970345,-96.985551,0,0.03421428571428571,-0.3675793046785815,Not Significant
Klamath County,Oregon,600,7,29.711964724246034,0.8416666666666667,0.9883333333333333,0.8438,41.83950453660198,-121.30713432234984,5,0.7101983333333334,1.385332807126214,Hot Spot (90%)
Klickitat County,Washington,116,1,0.4146255383333333,0.75,0.9913793103448276,0.6414,45.9259,-121.0048,1,0.48105,0.21544284886209258,Not Significant
Koochiching County,Minnesota,25,0,,0.84,1.0,0.3118,48.558,-93.085667,0,0.26191200000000003,-0.5850731348677779,Not Significant
Kootenai County,Idaho,117,0,,0.7606837606837606,1.0,0.2746,47.7747,-116.585,0,0.2088837606837607,0.10982030343171996,Not Significant
La Paz County,Arizona,110,0,,0.6909090909090909,1.0,0.9195,33.71147922696449,-114.5436902216089,0,0.6352909090909091,1.4531772725475667,Hot Spot (90%)
La Plata County,Colorado,247,4,0.44102475374999994,0.8259109311740891,0.9838056680161943,0.258,37.2667,-108.0005,0,0.21308502024291498,0.1657919909181423,Not Significant
Lake County,California,569,13,0.5931948808760683,0.7082601054481547,0.9771528998242531,0.9055,38.97102617880285,-122.830367921304,3,0.641329525483304,0.7909426285606725,Not Significant
Lake County,Colorado,30,2,0.0539485586111111,0.8,0.9333333333333333,0.1152,39.464917,-106.355633,1,0.09216,-0.5302628297856854,Not Significant
Lake County,Minnesota,29,1,20.514323984444445,0.7241379310344828,0.9655172413793104,0.0805,47.973333,-91.3715,2,0.05829310344827587,-0.813871370978307,Not Significant
Lake County,Montana,142,0,,0.7746478873239436,1.0,0.7541,47.27277778,-114.18111111,1,0.5841619718309858,-0.18735193379842743,Not Significant
Lake County,Oregon,227,2,100.32856100222223,0.8458149779735683,0.9911894273127754,0.8517,42.44508,-120.6331,1,0.7203806167400881,0.8698816043839017,Not Significant
Lake of the Woods County,Minnesota,12,0,,0.5,1.0,0.0417,48.581483,-94.560283,0,0.02085,-0.07039308158156585,Not Significant
Lander County,Nevada,93,0,,0.6344086021505376,1.0,0.5762,40.64157,-116.32818,0,0.3655462365591398,0.1055442923940742,Not Significant
Lane County,Oregon,436,5,106.31951330416669,0.8027522935779816,0.9885321100917431,0.7375,43.6358,-122.7347,7,0.5920298165137615,0.7673084720527701,Not Significant
Laramie County,Wyoming,31,0,,0.6129032258064516,1.0,0.2514,41.092215,-104.835984,0,0.15408387096774195,-0.5996506491026574,Not Significant
Larimer County,Colorado,161,5,0.38501293838888884,0.9130434782608695,0.968944099378882,0.1524,40.57,-105.4305,0,0.13914782608695653,-0.6283912481482615,Not Significant
Las Animas County,Colorado,14,0,,0.7857142857142857,1.0,0.9068,37.25172,-104.69304,0,0.7124857142857143,0.5063046333001323,Not Significant
Lassen County,California,170,1,1.0281029955555556,0.8529411764705882,0.9941176470588236,0.8231,40.28363340062305,-120.49034357070924,0,0.7020558823529411,0.5335881472321703,Not Significant
Latah County,Idaho,52,3,1.2058004669444442,0.6346153846153846,0.9423076923076923,0.2825,46.6037,-116.599083,1,0.17927884615384612,0.03790073848296013,Not Significant
Latimer County,Oklahoma,32,0,,0.34375,1.0,0.8396,34.815278,-95.03,0,0.2886125,0.3515881830623379,Not Significant
Lawrence County,South Dakota,41,0,,0.8536585365853658,1.0,0.3449,44.51118,-104.1203,0,0.29442682926829267,-0.7814900676811342,Not Significant
Le Flore County,Oklahoma,24,0,,0.6666666666666666,1.0,0.924,34.777883,-94.739783,0,0.616,0.30529642550851904,Not Significant
Lemhi County,Idaho,188,3,443.53254941296296,0.75,0.9840425531914894,0.4073,45.0608,-114.033,1,0.305475,-0.42558096561398595,Not Significant
Lewis County,Idaho,69,0,,0.7101449275362319,1.0,0.7146,46.2577,-115.9812,0,0.5074695652173914,-0.10374065963551642,Not Significant
Lewis County,Washington,140,0,,0.7928571428571428,1.0,0.7028,46.80765,-123.1174,0,0.5572199999999999,0.20305995740704916,Not Significant
Lewis and Clark County,Montana,210,1,120.82222981083332,0.8476190476190476,0.9952380952380953,0.1906,46.7539,-112.4027,3,0.16155619047619046,-0.5795078138329643,Not Significant
Liberty County,Texas,19,0,,0.3684210526315789,1.0,0.9739,30.3376,-94.8815,0,0.35880526315789474,0.30242661465693493,Not Significant
Lincoln County,Idaho,21,0,,0.6666666666666666,1.0,0.6742,42.91291,-114.418831,0,0.4494666666666667,-0.3134611018096032,Not Significant
Lincoln County,Montana,241,0,,0.8008298755186722,1.0,0.5628,48.323933,-115.037683,0,0.4507070539419087,0.0524384598006072,Not Significant
Lincoln County,Nevada,147,0,,0.8503401360544217,1.0,0.5749,37.543442,-114.576428,1,0.488860544217687,-0.036533018291171344,Not Significant
Lincoln County,New Mexico,201,0,,0.736318407960199,1.0,0.8346,33.58215,-105.56275,2,0.614531343283582,0.4781125363067638,Not Significant
Lincoln County,Oklahoma,27,4,1.9110158846527778,0.6296296296296297,0.8518518518518519,0.4101,35.605833,-96.605833,0,0.2582111111111111,0.049422218834481585,Not Significant
Lincoln County,Oregon,62,2,0.49693007875,0.9032258064516129,0.967741935483871,0.7165,44.4409,-123.7288,0,0.6471612903225806,0.5915956710039362,Not Significant
Lincoln County,Washington,159,3,41.12145120444445,0.5911949685534591,0.9811320754716981,0.2113,48.0259,-118.2158,2,0.1249194968553459,0.22986305467438886,Not Significant
Lincoln County,Wyoming,56,1,19.111603765,0.7857142857142857,0.9821428571428571,0.118,42.1691,-110.8021,0,0.09271428571428571,-0.8391335066256137,Not Significant
Linn County,Oregon,127,2,15.743333218055556,0.7795275590551181,0.984251968503937,0.6586,44.688142,-122.751231,1,0.5133968503937008,0.6723386061338725,Not Significant
Logan County,Arkansas,11,0,,0.9090909090909091,1.0,0.5444,35.1884,-93.713,0,0.4949090909090909,0.7333917328338507,Not Significant
Logan County,Colorado,19,0,,0.7368421052631579,1.0,0.6004,40.6244,-103.184,0,0.4424,-0.2731211382087893,Not Significant
Logan County,Oklahoma,18,4,0.8828012719444445,0.3888888888888889,0.7777777777777778,0.3003,35.9434683459897,-97.30022087941931,0,0.11678333333333334,0.0871261225417982,Not Significant
Los Alamos County,New Mexico,156,0,,0.8205128205128205,1.0,0.0099,35.880828,-106.695894,3,0.008123076923076924,0.7954206739206584,Not Significant
Los Angeles County,California,837,9,0.797601410617284,0.7168458781362007,0.989247311827957,0.8629,34.1511616,-117.9395846,2,0.6185663082437276,0.8373217765517881,Not Significant
Love County,Oklahoma,13,0,,0.6153846153846154,1.0,0.7961,33.894522,-97.134732,0,0.4899076923076924,0.041203279790332566,Not Significant
Lyon County,Nevada,17,1,0.2739504761111111,0.6470588235294118,0.9411764705882353,0.5593,39.402562321321085,-119.46249345071374,0,0.36190000000000005,0.06389743489245307,Not Significant
Madera County,California,291,5,0.9525867948888889,0.7319587628865979,0.9828178694158075,0.9593,37.2154389,-119.90846,0,0.7021680412371134,0.7896066091636623,Not Significant
Madison County,Idaho,15,0,,0.7333333333333333,1.0,0.4318,43.623533,-111.5813,0,0.31665333333333334,-0.7289722412608252,Not Significant
Madison County,Montana,75,0,,0.7733333333333333,1.0,0.098,45.73561,-111.8096,0,0.07578666666666667,-0.836467769843891,Not Significant
Mahnomen County,Minnesota,44,0,,0.75,1.0,0.9577,47.486767,-95.978633,0,0.718275,-0.5101726850205099,Not Significant
Malheur County,Oregon,62,0,,0.3548387096774194,1.0,0.9908,43.784283,-117.764633,0,0.3515741935483871,-0.05100819041628521,Not Significant
Maricopa County,Arizona,364,4,5.705964813125,0.6263736263736264,0.989010989010989,0.713,33.961369,-111.710716,0,0.4466043956043956,1.0499394260633428,Hot Spot (90%)
Marin County,California,187,1,0.5606890655555555,0.8342245989304813,0.9946524064171123,0.37,38.15264734129181,-122.4477767944336,1,0.30866310160427807,0.5570257089534785,Not Significant
Marion County,Oregon,60,1,0.8693478575,0.8166666666666667,0.9833333333333333,0.902,44.88622,-122.61731,0,0.7366333333333334,0.4047037795201443,Not Significant
Marion County,Texas,23,0,,0.2608695652173913,1.0,0.7315,32.77819,-94.24153,0,0.19082608695652176,-0.5411671778852287,Not Significant
Mariposa County,California,303,4,0.7842306838888888,0.801980198019802,0.9867986798679867,0.8613,37.3073971,-119.7920774,0,0.6907455445544555,0.8047370690098082,Not Significant
Marshall County,Oklahoma,11,0,,0.5454545454545454,1.0,0.8769,34.071667,-96.661667,0,0.4783090909090909,0.08038444071761802,Not Significant
Mason County,Texas,10,0,,0.2,1.0,0.2724,30.739605,-99.112912,0,0.05448,-0.5110330511808874,Not Significant
Mason County,Washington,191,1,2.170530888611111,0.7643979057591623,0.9947643979057592,0.573,47.1421,-123.0599,1,0.438,0.14562715137671348,Not Significant
Matagorda County,Texas,10,0,,0.4,1.0,0.9758,28.911871,-95.576395,0,0.39032,-0.38045244753293467,Not Significant
Maui County,Hawaii,26,2,1.0971633875,0.46153846153846156,0.9230769230769231,0.4938,20.848734536608717,-156.48494355684872,0,0.22790769230769234,0.09933195739206248,Not Significant
McCone County,Montana,23,0,,0.21739130434782608,1.0,0.0121,48.050694,-105.968361,0,0.0026304347826086954,-1.188077773683073,Cold Spot (90%)
McCurtain County,Oklahoma,18,0,,0.5555555555555556,1.0,0.8976,34.078417,-94.63625,0,0.49866666666666665,0.12540674699692184,Not Significant
McIntosh County,Oklahoma,11,0,,0.5454545454545454,1.0,0.7528,35.2625,-95.904444,0,0.4106181818181818,0.16408896612682222,Not Significant
McKenzie County,North Dakota,12,0,,0.8333333333333334,1.0,0.468,47.61265,-103.273442,0,0.39,-0.7670076726880147,Not Significant
McKinley County,New Mexico,103,1,2.8297256600000003,0.7184466019417476,0.9902912621359223,0.9695,35.069222,-108.828806,0,0.6965339805825244,0.9460019452074548,Not Significant
Meade County,South Dakota,21,0,,0.8095238095238095,1.0,0.1744,44.163583,-103.456083,0,0.14118095238095238,-0.2768718563927059,Not Significant
Meagher County,Montana,53,0,,0.7924528301886793,1.0,0.0188,46.7646,-110.7559,0,0.014898113207547171,-1.1072644324176366,Cold Spot (90%)
Mendocino County,California,497,4,0.6618432233333333,0.8490945674044266,0.9919517102615694,0.9726,38.6795299,-123.2855939,0,0.8258293762575453,0.6627339005596335,Not Significant
Merced County,California,299,0,,0.8461538461538461,1.0,0.973,37.0386263,-120.9708828,0,0.8233076923076923,0.4537066762526177,Not Significant
Mesa County,Colorado,324,2,49.340973519722226,0.7345679012345679,0.9938271604938271,0.6462,39.34275,-108.19345,4,0.4746777777777778,-0.105456153122504,Not Significant
Millard County,Utah,126,0,,0.7698412698412699,1.0,0.4502,39.377232,-112.364472,0,0.3465825396825397,-0.7838465519793522,Not Significant
Mille Lacs County,Minnesota,23,0,,0.43478260869565216,1.0,0.5406,45.761887,-93.553278,0,0.23504347826086955,-0.8889754367942067,Not Significant
Miller County,Arkansas,10,0,,0.6,1.0,0.9354,33.26135,-94.062667,0,0.56124,-0.33769698006669874,Not Significant
Mineral County,Colorado,27,0,,0.8888888888888888,1.0,0.056,37.484033,-106.82175,0,0.049777777777777775,0.23548128720634906,Not Significant
Mineral County,Montana,231,0,,0.7965367965367965,1.0,0.2218,47.3044,-115.1084,0,0.17667186147186148,0.27332003800517113,Not Significant
Mineral County,Nevada,15,0,,0.4666666666666667,1.0,0.5501,38.30553441112178,-118.8718423363542,0,0.25671333333333335,0.35248599652756435,Not Significant
Missoula County,Montana,309,1,4.239018364166666,0.8155339805825242,0.9967637540453075,0.2762,47.2142,-113.5189,1,0.2252504854368932,-0.2906985807245657,Not Significant
Modoc County,California,160,1,3.2255014777777777,0.8375,0.99375,0.8186,41.31564338750438,-121.13395786363982,0,0.6855775000000001,1.2098908371265338,Hot Spot (90%)
Moffat County,Colorado,86,1,0.2495290430555555,0.7093023255813954,0.9883720930232558,0.8164,40.992,-107.8012,1,0.5790744186046513,-0.2468366046000183,Not Significant
Mohave County,Arizona,374,0,,0.7165775401069518,1.0,0.8489,35.1154,-114.6352,0,0.6083026737967914,1.485034924072353,Hot Spot (90%)
Mono County,California,110,1,1.792198450277778,0.9181818181818182,0.990909090909091,0.3891,37.66615248283341,-119.47313105013367,1,0.35726454545454545,0.6600266224002302,Not Significant
Monterey County,California,240,2,1.0735214240277777,0.8125,0.9916666666666667,0.8686,36.59124496403001,-121.75040245056154,0,0.7057375,0.4282943149940606,Not Significant
Montezuma County,Colorado,175,0,,0.8571428571428571,1.0,0.6061,37.3031,-108.764717,4,0.5195142857142857,0.01769652874511241,Not Significant
Montgomery County,Arkansas,40,0,,0.85,1.0,0.5765,34.5163,-93.394,0,0.490025,0.4806954945051533,Not Significant
Montrose County,Colorado,49,2,1.1097674522222225,0.8163265306122449,0.9591836734693877,0.5164,38.5304,-108.4453,1,0.4215510204081632,-0.04087408086287145,Not Significant
Mora County,New Mexico,22,1,2.905855143333333,0.6818181818181818,0.9545454545454546,0.6169,36.1099,-105.23095,1,0.42061363636363636,0.6979484523116953,Not Significant
Morgan County,Colorado,15,0,,0.8666666666666667,1.0,0.8371,39.739881,-103.734665,0,0.7254866666666666,-0.6454690052840332,Not Significant
Morgan County,Utah,57,0,,0.8596491228070176,1.0,0.0,41.030883,-111.529533,0,0.0,-0.8538127757939099,Not Significant
Morris County,Texas,22,0,,0.18181818181818182,1.0,0.7792,32.95762,-94.63274,0,0.14167272727272728,-0.25751267494813923,Not Significant
Morrison County,Minnesota,27,0,,0.5185185185185185,1.0,0.1448,45.983723,-94.338913,0,0.07508148148148149,-0.5526261159061876,Not Significant
Morrow County,Oregon,62,1,0.6203477533333334,0.6935483870967742,0.9838709677419355,0.7735,45.834,-119.7429,0,0.5364596774193549,0.2731148732415341,Not Significant
Mountrail County,North Dakota,21,0,,0.7619047619047619,1.0,0.7156,47.969722,-102.320833,0,0.5452190476190476,-0.6259143053799942,Not Significant
Multnomah County,Oregon,29,0,,0.8620689655172413,1.0,0.5927,45.54395,-122.372117,0,0.5109482758620689,0.21902600092790567,Not Significant
Murray County,Oklahoma,21,0,,0.6190476190476191,1.0,0.5775,34.59171,-96.99228,0,0.35750000000000004,0.028104014176940605,Not Significant
Musselshell County,Montana,37,0,,0.5135135135135135,1.0,0.2278,46.7431,-108.7765,0,0.11697837837837838,-1.158866126337599,Cold Spot (90%)
Nacogdoches County,Texas,19,0,,0.15789473684210525,1.0,0.9952,31.809783,-94.63025,0,0.15713684210526316,-0.17492889257824268,Not Significant
Napa County,California,220,0,,0.75,1.0,0.6831,38.3152225,-122.2765319,1,0.512325,0.4829825357597211,Not Significant
Natrona County,Wyoming,126,0,,0.5396825396825397,1.0,0.3987,42.765693,-106.526497,1,0.21517142857142857,-0.6597406015879574,Not Significant
Navajo County,Arizona,385,1,0.5070500552777778,0.8051948051948052,0.9974025974025974,0.9806,34.163967,-109.824467,2,0.789574025974026,0.6641589177601619,Not Significant
Nevada County,California,414,4,1.460907559513889,0.8478260869565217,0.9903381642512077,0.2148,39.1541814,-121.1216217,0,0.18211304347826085,0.6212579869680191,Not Significant
Newton County,Arkansas,18,0,,0.7777777777777778,1.0,0.1985,36.056,-93.1411,0,0.1543888888888889,0.749458068979146,Not Significant
Newton County,Texas,23,0,,0.2608695652173913,1.0,0.8463,30.701533,-93.7993,0,0.22077391304347826,0.04020189077053137,Not Significant
Nez Perce County,Idaho,80,2,10.65055443027778,0.7125,0.975,0.5892,46.2749,-116.8151,0,0.419805,-0.12457710172439443,Not Significant
Niobrara County,Wyoming,19,0,,0.21052631578947367,1.0,0.419,42.964197,-104.385106,0,0.08821052631578946,-0.5480751331741698,Not Significant
Nye County,Nevada,56,0,,0.7857142857142857,1.0,0.7954,36.10467,-115.8077,0,0.6249571428571429,1.3087285443617098,Hot Spot (90%)
Oglala Lakota County,South Dakota,68,0,,0.7205882352941176,1.0,0.9545,43.392074,-102.306221,0,0.6878014705882353,-0.21977851727037845,Not Significant
Okanogan County,Washington,384,6,0.9309093790277778,0.7005208333333334,0.984375,0.9453,48.8211381,-119.2646828,0,0.6622023437500001,0.3572476798920966,Not Significant
Okfuskee County,Oklahoma,46,0,,0.5869565217391305,1.0,0.8715,35.428889,-96.176389,0,0.5115326086956522,0.10352170903511894,Not Significant
Okmulgee County,Oklahoma,20,1,0.0558002088888888,0.45,0.95,0.922,35.274167,-96.030556,0,0.41490000000000005,0.18329877587478244,Not Significant
Oneida County,Idaho,47,0,,0.7446808510638298,1.0,0.0792,41.8578,-112.4364,0,0.05897872340425532,-0.7683339868519021,Not Significant
Orange County,California,238,5,1.2009331947777777,0.7394957983193278,0.9789915966386554,0.5692,33.6617927,-117.5853928,1,0.4209210084033614,1.0163889820813075,Hot Spot (90%)
Orange County,Texas,11,0,,0.45454545454545453,1.0,0.6853,30.227817,-93.979167,0,0.3115,0.101503870045942,Not Significant
Osage County,Oklahoma,84,0,,0.27380952380952384,1.0,0.6207,36.429636,-96.269011,0,0.16995357142857145,-0.16098494605150737,Not Significant
Otero County,Colorado,11,0,,0.45454545454545453,1.0,0.9535,37.31539,-103.397,0,0.4334090909090909,0.5044768982066712,Not Significant
Otero County,New Mexico,108,2,3.2944854195833333,0.6944444444444444,0.9814814814814815,0.9294,33.015694,-105.701389,1,0.6454166666666666,0.4707340407773989,Not Significant
Ottawa County,Oklahoma,54,0,,0.7407407407407407,1.0,0.9252,36.9141,-94.65728,0,0.6853333333333333,0.260934701631326,Not Significant
Ouray County,Colorado,20,0,,0.95,1.0,0.0834,38.239283,-107.5383,0,0.07923,-0.1728503798158965,Not Significant
Owyhee County,Idaho,136,1,25.940231255833336,0.4411764705882353,0.9926470588235294,0.7432,43.4141,-116.7737,0,0.32788235294117646,-0.05747606123986195,Not Significant
Pacific County,Washington,29,0,,0.8620689655172413,1.0,0.7038,46.3115,-124.0579,0,0.6067241379310344,0.4251435259559498,Not Significant
Palo Pinto County,Texas,15,0,,0.2,1.0,0.8015,32.939167,-98.3015,0,0.1603,-0.1985583551902532,Not Significant
Panola County,Texas,14,0,,0.2857142857142857,1.0,0.7331,31.92865,-94.499767,0,0.20945714285714284,-0.22235313204934853,Not Significant
Park County,Colorado,68,0,,0.9264705882352942,1.0,0.0032,39.188889,-105.715833,0,0.0029647058823529414,-0.5080861298056933,Not Significant
Park County,Montana,49,0,,0.8979591836734694,1.0,0.1623,45.523,-110.2268,0,0.1457387755102041,-1.2694110608493645,Cold Spot (90%)
Park County,Wyoming,84,1,245.8534138436111,0.6666666666666666,0.9880952380952381,0.1072,44.518403,-108.969917,0,0.07146666666666666,-0.9189500867936394,Not Significant
Pawnee County,Oklahoma,47,5,1.2631852188333332,0.2978723404255319,0.8936170212765957,0.4979,36.333442,-96.390258,0,0.14831063829787233,-0.11184613093764323,Not Significant
Payette County,Idaho,34,0,,0.47058823529411764,1.0,0.6713,43.8325,-116.8881,0,0.3159058823529412,-0.15003646264789725,Not Significant
Payne County,Oklahoma,11,1,0.9860125175,0.8181818181818182,0.9090909090909091,0.6408,36.0436603,-96.8376916,0,0.5242909090909091,-0.1275292273407867,Not Significant
Pend Oreille County,Washington,224,0,,0.8080357142857143,1.0,0.4314,48.13483,-117.2241,0,0.34858660714285716,0.02764645790285525,Not Significant
Pennington County,Minnesota,12,0,,0.3333333333333333,1.0,0.1416,48.354337,-96.239284,0,0.0472,-0.16230526058564665,Not Significant
Pennington County,South Dakota,32,0,,0.75,1.0,0.5539,44.0225,-103.397217,0,0.41542499999999993,-0.6579758923979692,Not Significant
Pershing County,Nevada,35,0,,0.42857142857142855,1.0,0.6761,40.2203,-118.4296,0,0.2897571428571429,0.26708344387524713,Not Significant
Petroleum County,Montana,48,0,,0.4583333333333333,1.0,0.0013,47.112883,-108.551783,0,0.0005958333333333333,-0.9759895597689723,Not Significant
Phillips County,Montana,16,1,0.88272129,0.625,0.9375,0.2081,47.949722,-108.138056,0,0.1300625,-0.8100796142414306,Not Significant
Pierce County,Washington,198,0,,0.7727272727272727,1.0,0.5434,47.075,-122.1966,0,0.4199,0.1675135738091602,Not Significant
Pima County,Arizona,235,3,13.10031420324074,0.6425531914893617,0.9872340425531915,0.888,32.32635,-110.7036,1,0.5705872340425532,0.780805262505334,Not Significant
Pinal County,Arizona,355,4,12.647069416875002,0.6816901408450704,0.9887323943661972,0.797,32.99875,-111.749307,0,0.5433070422535211,0.7483715646023497,Not Significant
Pine County,Minnesota,43,0,,0.7209302325581395,1.0,0.4919,45.996157,-92.820139,0,0.35462558139534883,-0.8886097359026128,Not Significant
Pitkin County,Colorado,27,1,0.3603763622222222,0.8888888888888888,0.962962962962963,0.0617,39.087917,-107.177833,0,0.05484444444444444,-0.36854945716525006,Not Significant
Pittsburg County,Oklahoma,36,0,,0.4166666666666667,1.0,0.868,35.018611,-95.807222,0,0.3616666666666667,0.1536574656884099,Not Significant
Piute County,Utah,52,0,,0.7692307692307693,1.0,0.5402,38.4311,-112.0755,0,0.4155384615384616,-0.6102483794583532,Not Significant
Placer County,California,294,3,0.5537722363888888,0.7380952380952381,0.9897959183673469,0.1992,38.650695281593755,-121.07580542564394,0,0.14702857142857143,0.5435337491924036,Not Significant
Platte County,Wyoming,35,1,3.2671881525,0.5428571428571428,0.9714285714285714,0.3309,41.665147,-104.838963,1,0.17963142857142858,-0.6085148474591695,Not Significant
Plumas County,California,141,1,0.7815557505555556,0.9574468085106383,0.9929078014184397,0.4088,40.016588648728806,-120.96930040648412,0,0.39140425531914896,0.7095525848194973,Not Significant
Polk County,Arkansas,33,0,,0.7575757575757576,1.0,0.6863,34.741944,-94.464167,0,0.5199242424242424,0.5761228411085585,Not Significant
Polk County,Oregon,62,0,,0.8225806451612904,1.0,0.6395,44.7657395031,-123.1879715021,0,0.5260403225806451,0.5998615335349422,Not Significant
Polk County,Texas,20,0,,0.6,1.0,0.9208,30.7562,-94.91775,0,0.55248,0.16803347015015935,Not Significant
Pondera County,Montana,17,0,,0.5294117647058824,1.0,0.7967,48.631389,-112.338889,0,0.42178235294117644,0.12654936998467778,Not Significant
Pontotoc County,Oklahoma,67,0,,0.6417910447761194,1.0,0.6561,34.825027,-96.424389,0,0.42107910447761193,0.1373769156653777,Not Significant
Pottawatomie County,Oklahoma,11,1,2.7271768502777776,0.36363636363636365,0.9090909090909091,0.7496,35.330278,-96.761389,0,0.2725818181818182,0.11134152304272131,Not Significant
Potter County,Texas,12,0,,0.4166666666666667,1.0,0.9889,35.232936,-101.8505729,0,0.4120416666666667,-0.5017862974363803,Not Significant
Powder River County,Montana,157,2,0.6614597413888889,0.3057324840764331,0.9872611464968153,0.1521,45.4158,-106.0844,1,0.04650191082802548,-0.7096825957038716,Not Significant
Powell County,Montana,113,2,97.40584534680556,0.8053097345132744,0.9823008849557522,0.2319,46.8108,-112.7995,0,0.18675132743362832,-0.509473758854629,Not Significant
Power County,Idaho,20,0,,0.35,1.0,0.762,42.671783,-112.835567,0,0.2667,-0.6068584635513972,Not Significant
Prairie County,Montana,38,0,,0.2631578947368421,1.0,0.3567,46.45302,-105.3194,0,0.09386842105263157,-1.0783873153196892,Cold Spot (90%)
Presidio County,Texas,16,0,,0.0625,1.0,0.9933,29.02954,-103.32913,0,0.06208125,,
Pueblo County,Colorado,32,0,,0.53125,1.0,0.8533,38.308611,-104.643889,0,0.453315625,-0.020879523987914643,Not Significant
Ramsey County,North Dakota,46,0,,0.41304347826086957,1.0,0.4747,47.996111,-98.844444,0,0.1960717391304348,0.6955134078634605,Not Significant
Ravalli County,Montana,423,4,277.5670464852778,0.7872340425531915,0.9905437352245863,0.1511,45.9227,-114.1478,4,0.11895106382978725,-0.2202907422911146,Not Significant
Red River County,Texas,11,0,,0.18181818181818182,1.0,0.6895,33.835987,-95.170791,0,0.12536363636363637,0.05807429404091898,Not Significant
Reynolds County,Missouri,13,0,,0.3076923076923077,1.0,0.6354,37.4617,-91.07955,0,0.1955076923076923,-0.1672080066830954,Not Significant
Rich County,Utah,38,0,,0.8947368421052632,1.0,0.2141,41.95575,-111.499,0,0.19156315789473685,-0.8194040431761627,Not Significant
Rio Arriba County,New Mexico,135,1,414.1674403047222,0.7703703703703704,0.9925925925925926,0.763,36.016167,-106.067,6,0.5877925925925926,0.6150622170853178,Not Significant
Rio Blanco County,Colorado,207,1,44.55508974777778,0.7391304347826086,0.9951690821256038,0.5167,40.6171,-108.6733,0,0.38190869565217395,-0.19161906384150337,Not Significant
Rio Grande County,Colorado,15,0,,0.9333333333333333,1.0,0.7868,37.911333,-106.410667,0,0.7343466666666667,0.10390321913807275,Not Significant
Riverside County,California,841,27,1.457712022345679,0.6123662306777645,0.9678953626634959,0.8199,33.5982761,-116.2333998,0,0.5020790725326991,1.2047900312342772,Hot Spot (90%)
Roger Mills County,Oklahoma,18,1,1.1347543588888889,0.7777777777777778,0.9444444444444444,0.2835,35.6174,-99.7002,0,0.22049999999999997,0.005587676169958125,Not Significant
Rolette County,North Dakota,45,0,,0.9111111111111111,1.0,0.8934,48.858333,-99.8975,0,0.8139866666666666,0.009143441707806047,Not Significant
Roosevelt County,Montana,103,0,,0.6601941747572816,1.0,0.7665,48.11119,-105.200197,0,0.5060388349514563,-1.335518446370796,Cold Spot (90%)
Roosevelt County,New Mexico,21,0,,0.19047619047619047,1.0,0.951,33.780686,-103.83572,0,0.18114285714285713,0.5394747696236081,Not Significant
Roseau County,Minnesota,21,0,,0.5714285714285714,1.0,0.2504,48.295353,-95.552734,0,0.1430857142857143,-0.09539122500376421,Not Significant
Rosebud County,Montana,139,2,25.466859662500003,0.37410071942446044,0.9856115107913669,0.9408,45.3328,-106.3892,1,0.35195395683453234,-1.0727690992114307,Cold Spot (90%)
Routt County,Colorado,73,1,3.102746443888889,0.8767123287671232,0.9863013698630136,0.1314,40.293988,-106.489406,0,0.11519999999999998,-0.6428488081193291,Not Significant
Rusk County,Texas,44,0,,0.25,1.0,0.7973,31.910383,-94.788483,0,0.199325,-0.1990023210901778,Not Significant
Sabine County,Texas,40,0,,0.725,1.0,0.5609,31.10035,-93.955517,0,0.4066525,-0.16568561827832423,Not Significant
Sacramento County,California,516,0,,0.748062015503876,1.0,0.7509,38.2962226,-121.1596961,0,0.5617197674418605,0.44822187695714466,Not Significant
Saguache County,Colorado,12,0,,0.9166666666666666,1.0,0.6608,38.083967,-106.372617,0,0.6057333333333333,0.18385240165063843,Not Significant
Salt Lake County,Utah,63,1,1.3908365697222222,0.7777777777777778,0.9841269841269842,0.4512,40.771067,-112.098217,0,0.3509333333333333,-0.9803298773003294,Not Significant
San Augustine County,Texas,41,0,,0.6097560975609756,1.0,0.9885,31.4623,-94.20005,0,0.6027439024390244,-0.13210013655935965,Not Significant
San Benito County,California,221,0,,0.6742081447963801,1.0,0.5094,36.9096769,-121.3668161,1,0.343441628959276,0.7235644366252686,Not Significant
San Bernardino County,California,827,13,5.052879600085471,0.6807738814993954,0.9842805320435308,0.8858,34.3124336,-117.3463809,4,0.6030295042321645,0.846046017758932,Not Significant
San Diego County,California,787,24,1.4999582233680557,0.7001270648030495,0.9695044472681067,0.7057,32.5943328,-117.0147196,0,0.49407966963151206,0.8788327528375616,Not Significant
San Francisco County,California,33,0,,0.6363636363636364,1.0,0.482,37.66878233442048,-122.39675045013428,0,0.30672727272727274,0.3829153419047341,Not Significant
San Jacinto County,Texas,20,1,8.373047991111111,0.75,0.95,0.8091,30.4258,-95.1486,0,0.6068250000000001,0.22054509615416937,Not Significant
San Joaquin County,California,194,0,,0.7680412371134021,1.0,0.8718,37.65460478985064,-121.4840698137414,0,0.669578350515464,0.4830600990961924,Not Significant
San Juan County,New Mexico,179,0,,0.770949720670391,1.0,0.9669,36.707767,-107.895996,0,0.745431284916201,0.13846305814323104,Not Significant
San Juan County,Utah,110,0,,0.8909090909090909,1.0,0.9567,37.992333,-109.35325,1,0.8523327272727272,-0.08194951038368241,Not Significant
San Juan County,Washington,35,0,,0.8857142857142857,1.0,0.1527,48.65255,-123.009583,0,0.1352485714285714,0.07649148697328141,Not Significant
San Luis Obispo County,California,511,4,5.819466935972223,0.7084148727984344,0.9921722113502935,0.5227,35.248198674487504,-120.38123130863823,0,0.3702884540117417,1.2286023000787771,Hot Spot (90%)
San Mateo County,California,98,0,,0.8469387755102041,1.0,0.2899,37.461972810547614,-122.28052711434432,0,0.24552755102040816,0.3295843866462506,Not Significant
San Miguel County,Colorado,52,1,192.72294938,0.8653846153846154,0.9807692307692307,0.2911,38.242167,-108.423667,2,0.25191346153846156,0.07235008173787112,Not Significant
San Miguel County,New Mexico,23,0,,0.6956521739130435,1.0,0.9854,35.4686667,-104.9,1,0.6854956521739131,0.5355679484070242,Not Significant
Sanders County,Montana,188,0,,0.7659574468085106,1.0,0.5778,47.3541,-115.1283,2,0.4425702127659574,-0.47026987493597494,Not Significant
Sandoval County,New Mexico,66,0,,0.7272727272727273,1.0,0.3933,35.31276,-106.5409,0,0.28603636363636364,0.623709606588813,Not Significant
Sanpete County,Utah,85,0,,0.8117647058823529,1.0,0.5116,39.15434,-111.77498,1,0.41529882352941183,-0.649255837619983,Not Significant
Santa Barbara County,California,202,5,10.768695168666666,0.6336633663366337,0.9752475247524752,0.8667,34.45547229170692,-119.76571798324586,1,0.5491960396039605,0.8605769097265455,Not Significant
Santa Clara County,California,334,2,1.5223970070833333,0.7275449101796407,0.9940119760479041,0.3614,37.3668379,-122.1399646,1,0.26293473053892213,0.3640676407886009,Not Significant
Santa Cruz County,Arizona,115,0,,0.4956521739130435,1.0,0.9383,31.439992,-111.415873,0,0.46507043478260873,0.9764949604208721,Not Significant
Santa Cruz County,California,228,1,1.0480872302777775,0.8596491228070176,0.9956140350877193,0.6131,37.0399543,-121.7185615,0,0.5270508771929825,0.4590808425571063,Not Significant
Santa Fe County,New Mexico,68,0,,0.7205882352941176,1.0,0.7633,35.788533,-105.85755,1,0.550025,0.6727358478047181,Not Significant
Scott County,Arkansas,23,0,,0.9565217391304348,1.0,0.7537,34.85698,-94.326088,0,0.7209304347826088,0.42093645365392046,Not Significant
Searcy County,Arkansas,16,0,,0.8125,1.0,0.517,35.714619,-92.902528,0,0.4200625,0.565821090130704,Not Significant
Seminole County,Oklahoma,99,0,,0.5252525252525253,1.0,0.9523,35.131944,-96.759444,0,0.5001979797979799,-0.022798148366729415,Not Significant
Sequoyah County,Oklahoma,20,0,,0.55,1.0,0.8183,35.6325,-94.689167,0,0.45006500000000005,0.5221901832122167,Not Significant
Sevier County,Utah,94,1,3.3581406508333336,0.8723404255319149,0.9893617021276596,0.2886,38.75735,-112.47588,1,0.25175744680851064,-0.5582425501019667,Not Significant
Shannon County,Missouri,12,0,,0.4166666666666667,1.0,0.4429,37.276468,-91.407544,0,0.1845416666666667,-0.20354606285853566,Not Significant
Shasta County,California,686,15,15.643604170351853,0.8163265306122449,0.978134110787172,0.7649,40.66590573230366,-122.33098454939136,4,0.6244081632653061,1.3505727611142544,Hot Spot (90%)
Shelby County,Texas,10,0,,0.4,1.0,0.8778,31.75445,-94.0107,0,0.35112000000000004,-0.08061968979631022,Not Significant
Sherburne County,Minnesota,31,0,,1.0,1.0,0.1047,45.464602,-93.555814,0,0.1047,-0.9176224326196528,Not Significant
Sheridan County,Montana,19,0,,0.5263157894736842,1.0,0.1642,48.3724,-104.5727,0,0.08642105263157895,-0.840956268413781,Not Significant
Sheridan County,Wyoming,81,4,47.93823023576389,0.6419753086419753,0.9506172839506173,0.2211,44.782991,-106.949435,2,0.14194074074074073,-0.6572669499502516,Not Significant
Sherman County,Oregon,70,3,6.671553002129628,0.6571428571428571,0.9571428571428572,0.3376,45.934864,-120.692474,0,0.2218514285714286,0.3769296675129389,Not Significant
Shoshone County,Idaho,156,0,,0.8333333333333334,1.0,0.7493,47.587,-115.913,0,0.6244166666666666,-0.01385058874223772,Not Significant
Sierra County,California,115,3,1.235282203148148,0.9391304347826087,0.9739130434782609,0.3522,39.77862520171078,-120.39449214935304,2,0.33076173913043483,0.5618837790917071,Not Significant
Sierra County,New Mexico,34,0,,0.5294117647058824,1.0,0.7677,33.5519,-107.3735,0,0.40642941176470593,0.6489912502472444,Not Significant
Silver Bow County,Montana,93,0,,0.8924731182795699,1.0,0.4534,46.2689,-112.3941,0,0.404647311827957,-0.8192208501177183,Not Significant
Sioux County,North Dakota,18,0,,0.7777777777777778,1.0,0.9176,46.095881,-100.658306,0,0.7136888888888889,-0.0675740126584765,Not Significant
Siskiyou County,California,467,12,9.238836177476854,0.815845824411135,0.974304068522484,0.7884,41.56895805848456,-122.65062046208187,2,0.6432128479657387,1.3935332462804404,Hot Spot (90%)
Skagit County,Washington,159,0,,0.8301886792452831,1.0,0.5982,48.5398,-121.8855,0,0.4966188679245283,-0.027438986119747186,Not Significant
Skamania County,Washington,166,1,2.797988358333334,0.8072289156626506,0.9939759036144579,0.2345,46.4638,-121.9017,3,0.18929518072289156,0.3287098529706154,Not Significant
Smith County,Texas,11,0,,0.45454545454545453,1.0,0.8234,32.076511,-95.516998,0,0.37427272727272726,-0.20047198594014998,Not Significant
Snohomish County,Washington,202,0,,0.8415841584158416,1.0,0.3557,48.3327,-121.4426,1,0.29935148514851484,0.1829207545372562,Not Significant
Socorro County,New Mexico,93,0,,0.4946236559139785,1.0,0.8972,33.9139,-107.568,0,0.4437763440860215,0.5123157680830789,Not Significant
Solano County,California,259,3,0.5196414428703703,0.6602316602316602,0.9884169884169884,0.6201,38.2035622,-122.1556967,0,0.4094096525096525,0.5350955604968054,Not Significant
Sonoma County,California,510,2,1.2866063422222223,0.7176470588235294,0.996078431372549,0.5562,38.3861004,-122.7692991,0,0.3991552941176471,0.6951770373206598,Not Significant
Spokane County,Washington,500,8,0.6927740597222222,0.732,0.984,0.5638,47.6789,-117.2289,1,0.41270159999999995,-0.02929617970555576,Not Significant
St. Louis County,Minnesota,59,2,4.249787080972222,0.7966101694915254,0.9661016949152542,0.3054,47.719886,-92.179442,2,0.24328474576271186,-0.7635557583032352,Not Significant
Stanislaus County,California,140,0,,0.7285714285714285,1.0,0.8511,37.7858547,-120.7371373,0,0.6200871428571428,0.3751514517124354,Not Significant
Stanley County,South Dakota,12,0,,0.6666666666666666,1.0,0.0452,44.154883,-100.414967,0,0.03013333333333333,0.5408090148275823,Not Significant
Stephens County,Oklahoma,12,1,1.3524408019444445,0.3333333333333333,0.9166666666666666,0.6892,34.44947,-97.842062,0,0.22973333333333334,-0.03802605795858085,Not Significant
Stevens County,Washington,462,6,7.535577344166666,0.7359307359307359,0.987012987012987,0.4652,47.96432,-117.7775,1,0.34235497835497836,0.040288744309531645,Not Significant
Stillwater County,Montana,19,0,,0.2631578947368421,1.0,0.0608,45.4827,-109.4616,0,0.016,-1.1630206982383322,Cold Spot (90%)
Stone County,Arkansas,18,0,,0.7777777777777778,1.0,0.7709,36.047556,-92.334111,0,0.599588888888889,0.09757963361879053,Not Significant
Storey County,Nevada,18,0,,1.0,1.0,0.1836,39.268697,-119.526696,0,0.1836,0.31684567359650034,Not Significant
Sublette County,Wyoming,69,1,0.6731658388888888,0.9130434782608695,0.9855072463768116,0.1225,42.864825,-109.864197,0,0.11184782608695651,-0.7056380733754782,Not Significant
Summit County,Colorado,57,0,,0.9649122807017544,1.0,0.1696,39.4927,-106.162283,0,0.16364912280701754,-0.6060352531627006,Not Significant
Summit County,Utah,72,1,0.2569406105555555,0.875,0.9861111111111112,0.0509,40.7352,-111.6101,0,0.0445375,-0.8699655618165264,Not Significant
Sutter County,California,27,0,,0.8888888888888888,1.0,0.8641,39.3790426,-121.6892226,0,0.7680888888888888,0.7108718162031931,Not Significant
Sweet Grass County,Montana,26,0,,0.6153846153846154,1.0,0.0242,45.2177,-109.7698,0,0.014892307692307693,-1.1661694001371101,Cold Spot (90%)
Sweetwater County,Wyoming,89,0,,0.6629213483146067,1.0,0.4722,41.52962,-109.4841,0,0.31303146067415727,-0.3981947396669965,Not Significant
Taos County,New Mexico,83,0,,0.9156626506024096,1.0,0.6955,36.730633,-105.551033,1,0.6368433734939759,0.6294378676784963,Not Significant
Tehama County,California,414,4,0.3575044934027778,0.7777777777777778,0.9903381642512077,0.9271,40.00948539613099,-122.454838094032,2,0.7210777777777778,1.145840887759378,Hot Spot (90%)
Teller County,Colorado,141,2,0.6817860893055555,0.8652482269503546,0.9858156028368794,0.0496,38.89605,-105.399,6,0.04291631205673759,-0.3805556212567218,Not Significant
Teton County,Idaho,47,0,,0.7872340425531915,1.0,0.2052,44.3245,-110.7276,0,0.1615404255319149,-0.9122420086343778,Not Significant
Teton County,Montana,44,0,,0.6590909090909091,1.0,0.3662,47.4811,-112.8704,0,0.2413590909090909,-0.447227119651663,Not Significant
Teton County,Wyoming,103,2,237.51048706458334,0.8640776699029126,0.9805825242718447,0.1693,43.847958,-110.25874,1,0.1462883495145631,-0.8557560851803532,Not Significant
Texas County,Missouri,13,0,,0.46153846153846156,1.0,0.8575,37.596833,-91.985333,0,0.3957692307692308,-0.3474912987522879,Not Significant
Thurston County,Washington,136,1,0.8703234177777778,0.7058823529411765,0.9926470588235294,0.3939,47.0375,-122.897778,0,0.2780470588235294,0.2873689789592808,Not Significant
Tillamook County,Oregon,15,0,,0.9333333333333333,1.0,0.6507,45.66017,-123.44467,0,0.60732,0.4815248312040954,Not Significant
Todd County,South Dakota,35,0,,0.9428571428571428,1.0,0.9475,43.237118,-100.856804,0,0.8933571428571428,0.05421725503878614,Not Significant
Tooele County,Utah,175,1,0.9240181783333332,0.6857142857142857,0.9942857142857143,0.1766,40.156944,-112.36475,0,0.12109714285714286,-0.8354754274284057,Not Significant
Torrance County,New Mexico,60,0,,0.6833333333333333,1.0,0.7712,34.533333,-106.2215,1,0.5269866666666667,0.5698336125915263,Not Significant
Treasure County,Montana,24,0,,0.3333333333333333,1.0,0.0719,45.9087,-107.3382,1,0.023966666666666667,-0.8812145427090362,Not Significant
Trinity County,California,298,5,19.294883950055553,0.8825503355704698,0.9832214765100671,0.7206,40.421494868220854,-123.23846765812029,2,0.6359657718120806,1.5071381600950062,Hot Spot (90%)
Trinity County,Texas,21,0,,0.7142857142857143,1.0,0.9185,31.094583,-95.1537,0,0.6560714285714285,0.16429099472543765,Not Significant
Tulare County,California,331,5,83.15681508788887,0.6918429003021148,0.9848942598187311,0.9147,36.766884891245695,-119.1702203761088,2,0.6328287009063444,0.9487627404473348,Not Significant
Tuolumne County,California,373,7,1.6043631461111112,0.7560321715817694,0.9812332439678284,0.6319,37.8382142,-120.5072221,2,0.4777367292225201,0.3802513651205008,Not Significant
Twin Falls County,Idaho,85,0,,0.6823529411764706,1.0,0.5756,42.19467,-114.2857,2,0.3927623529411765,-0.19351152335640912,Not Significant
Tyler County,Texas,26,0,,0.38461538461538464,1.0,0.9319,30.9736,-94.53985,0,0.3584230769230769,0.11840679371689668,Not Significant
Uinta County,Wyoming,44,1,3.664201462222222,0.8409090909090909,0.9772727272727273,0.2803,41.331321,-110.346358,0,0.23570681818181818,-0.758341021613665,Not Significant
Uintah County,Utah,134,0,,0.7611940298507462,1.0,0.5297,40.1614,-109.61,0,0.4032044776119402,-0.05749055663715234,Not Significant
Umatilla County,Oregon,130,5,7.935200125722223,0.5538461538461539,0.9615384615384616,0.9259,46.09526,-118.8997,0,0.5128061538461538,0.4811875255047646,Not Significant
Union County,New Mexico,32,0,,0.375,1.0,0.9526,36.4045,-103.20218,0,0.357225,0.44662682580814406,Not Significant
Union County,Oregon,195,2,1.5146961138888888,0.7538461538461538,0.9897435897435898,0.7187,45.2123,-118.364,0,0.5417892307692308,0.07572096617263224,Not Significant
Upshur County,Texas,24,0,,0.25,1.0,0.6017,32.552446,-95.137402,0,0.150425,-0.18933894615385655,Not Significant
Utah County,Utah,127,0,,0.7716535433070866,1.0,0.2555,40.2727,-111.7381,1,0.19715748031496064,-0.822443427455698,Not Significant
Valencia County,New Mexico,109,3,0.45500245999999994,0.5871559633027523,0.9724770642201834,0.8823,34.5952,-106.7642,1,0.5180477064220184,0.5957209670155886,Not Significant
Valley County,Idaho,240,3,487.24275780203703,0.7625,0.9875,0.1365,44.9111111,-116.0977778,7,0.10408125,-0.305708060102042,Not Significant
Valley County,Montana,26,0,,0.2692307692307692,1.0,0.2027,48.2175,-105.939722,0,0.05457307692307692,-1.3026281481442945,Cold Spot (90%)
Ventura County,California,334,11,1.1403749020454546,0.7065868263473054,0.9670658682634731,0.6249,34.56518659543544,-118.68653011348216,2,0.44154610778443115,1.074209326058734,Hot Spot (90%)
Wadena County,Minnesota,23,0,,0.6086956521739131,1.0,0.7448,46.57083,-94.90016,0,0.4533565217391305,-0.549880873082617,Not Significant
Wahkiakum County,Washington,53,1,0.1928805552777777,0.8301886792452831,0.9811320754716981,0.2039,46.19708,-123.1693,1,0.16927547169811322,0.46023849776805104,Not Significant
Walker County,Texas,46,0,,0.7391304347826086,1.0,0.9392,30.5186,-95.6855,0,0.694191304347826,0.19401763534900754,Not Significant
Walla Walla County,Washington,98,1,0.4797983763888889,0.6122448979591837,0.9897959183673469,0.8078,45.7585,-118.3412,0,0.49457142857142855,0.12256229364358362,Not Significant
Wallowa County,Oregon,180,0,,0.7666666666666667,1.0,0.4461,45.6438,-117.6545,5,0.34201000000000004,0.03328209682259858,Not Significant
Wasatch County,Utah,93,1,32.45313102222222,0.8387096774193549,0.989247311827957,0.0748,40.28337,-110.85069,2,0.06273548387096775,-0.6138330159488351,Not Significant
Wasco County,Oregon,144,8,1.9444236528819443,0.7708333333333334,0.9444444444444444,0.8937,45.2128,-121.3719,0,0.6888937500000001,0.21852790577103182,Not Significant
Washakie County,Wyoming,63,0,,0.5555555555555556,1.0,0.2192,44.05418,-107.9319,0,0.12177777777777779,-0.6557053040173595,Not Significant
Washington County,Idaho,57,2,15.039574963333333,0.49122807017543857,0.9649122807017544,0.9093,44.5217,-116.9759,0,0.4466736842105263,-0.27493938906877635,Not Significant
Washington County,Missouri,12,0,,0.4166666666666667,1.0,0.7957,37.838633,-91.036133,0,0.3315416666666667,-0.27885010157293144,Not Significant
Washington County,Oklahoma,17,0,,0.29411764705882354,1.0,0.5867,36.808833,-96.2335,0,0.17255882352941176,0.0017920678094447255,Not Significant
Washington County,Oregon,70,0,,0.7142857142857143,1.0,0.3703,45.2877277,-122.9186337,0,0.2645,0.5576443050013581,Not Significant
Washington County,Utah,310,3,1.5790869584259257,0.6967741935483871,0.9903225806451613,0.3875,37.2675,-113.6932,3,0.27,0.021123111021736484,Not Significant
Washoe County,Nevada,177,9,0.5651201148765431,0.7231638418079096,0.9491525423728814,0.6971,39.33010605223688,-120.1306529564036,0,0.5041175141242938,0.5460052563033219,Not Significant
Wayne County,Utah,66,0,,0.9393939393939394,1.0,0.1053,38.0796,-111.2975,1,0.09891818181818182,-0.16566034763801424,Not Significant
Weber County,Utah,98,1,2.0588461455555556,0.8775510204081632,0.9897959183673469,0.3471,41.3397,-112.098,0,0.3045979591836735,-1.0162375367673662,Cold Spot (90%)
Weld County,Colorado,26,0,,0.8461538461538461,1.0,0.5889,40.6887,-104.464133,0,0.49829999999999997,-0.6920620179987488,Not Significant
Weston County,Wyoming,84,0,,0.5714285714285714,1.0,0.3331,44.02834,-104.1215,0,0.19034285714285715,-0.6235671200433143,Not Significant
Whatcom County,Washington,95,0,,0.8842105263157894,1.0,0.5002,48.8454,-122.3371,0,0.44228210526315787,-0.030483861813135546,Not Significant
Wheatland County,Montana,14,0,,0.35714285714285715,1.0,0.1273,46.6299,-110.2164,0,0.045464285714285714,-1.208864628692731,Cold Spot (90%)
Wheeler County,Oregon,143,6,26.150906367407405,0.6223776223776224,0.958041958041958,0.2479,44.5085,-120.0262,4,0.1542874125874126,0.4893057825216891,Not Significant
White Pine County,Nevada,135,0,,0.7851851851851852,1.0,0.2498,39.053783,-114.573967,0,0.19613925925925926,-0.10676322669877965,Not Significant
Wibaux County,Montana,14,0,,0.7142857142857143,1.0,0.273,46.9869,-104.2409,0,0.195,-1.010993524538826,Cold Spot (90%)
Wichita County,Texas,13,1,1.4277246572222222,0.0,0.9230769230769231,0.8167,34.067199,-98.68574,0,0.0,0.0466514687423746,Not Significant
Wise County,Texas,33,0,,0.8484848484848485,1.0,0.5422,33.340367,-97.627467,0,0.4600484848484849,-0.15624840602427073,Not Significant
Yakima County,Washington,295,9,0.9665839848148148,0.6169491525423729,0.9694915254237289,0.9647,46.380278,-120.669722,2,0.5951708474576272,0.19687226982383468,Not Significant
Yamhill County,Oregon,60,1,4.303793762222222,0.8,0.9833333333333333,0.7232,45.3803843,-123.2969516,0,0.57856,0.46781533948669896,Not Significant
Yavapai County,Arizona,373,5,0.5637849008333333,0.7372654155495979,0.9865951742627346,0.5991,35.2547222,-112.1930556,8,0.44169571045576406,0.8420907334026567,Not Significant
Yell County,Arkansas,20,0,,0.85,1.0,0.7738,35.041694,-93.340611,0,0.65773,0.5576674719074172,Not Significant
Yellowstone County,Montana,141,0,,0.48226950354609927,1.0,0.2889,45.81099,-108.4054,0,0.13932765957446808,-1.108132121659347,Cold Spot (90%)
Yolo County,California,169,1,0.8985830877777778,0.7988165680473372,0.9940828402366864,0.7366,38.53269063377554,-121.98954338929916,0,0.5884082840236686,0.5908114759083872,Not Significant
Yuba County,California,214,9,0.6916132450308642,0.616822429906542,0.9579439252336449,0.9268,39.3025054,-121.3785075,2,0.5716710280373831,0.6244250465272368,Not Significant
Yuma County,Arizona,74,0,,0.7702702702702703,1.0,0.9978,32.88056,-114.4782,0,0.7685756756756758,1.1546310888327156,Hot Spot (90%)
